Название;Родитель;Индекс;"Является городом?"
Россия;;;0
"Мурманская область";Россия;;0
Мордовия;Россия;;0
Чувашия;Россия;;0
"Оренбургская область";Россия;;0
"Свердловская область";Россия;;0
"Новгородская область";Россия;;0
Башкортостан;Россия;;0
"Астраханская область";Россия;;0
"Орловская область";Россия;;0
"Пермский край";Россия;;0
"Саха (Якутия)";Россия;;0
"Северная Осетия";Россия;;0
Татарстан;Россия;;0
"Тверская область";Россия;;0
"Тульская область";Россия;;0
"Псковская область";Россия;;0
Чечня;Россия;;0
"Усть-Ордынский Бурятский АО";Россия;;0
"Смоленская область";Россия;;0
Удмуртия;Россия;;0
"Иркутская область";Россия;;0
"Липецкая область";Россия;;0
"Курская область";Россия;;0
"Курганская область";Россия;;0
"Самарская область";Россия;;0
"Кемеровская область";Россия;;0
Карачаево-Черкессия;Россия;;0
"Калининградская область";Россия;;0
"Красноярский край";Россия;;0
Дагестан;Россия;;0
"Воронежская область";Россия;;0
"Московская область";Россия;;0
Москва;Россия;;0
Крым;Россия;;0
"Ярославская область";Россия;;0
"Ростовская область";Россия;;0
"Нижегородская область";Россия;;0
"Ненецкий АО";Россия;;0
"Омская область";Россия;;0
"Новосибирская область";Россия;;0
"Белгородская область";Россия;;0
"Пензенская область";Россия;;0
"Сахалинская область";Россия;;0
"Ульяновская область";Россия;;0
"Ханты-Мансийский АО";Россия;;0
Хакасия;Россия;;0
"Томская область";Россия;;0
"Тыва (Тува)";Россия;;0
"Челябинская область";Россия;;0
"Хабаровский край";Россия;;0
"Тамбовская область";Россия;;0
"Ставропольский край";Россия;;0
"Тюменская область";Россия;;0
"Приморский край";Россия;;0
Ингушетия;Россия;;0
"Ямало-Ненецкий АО";Россия;;0
Коми;Россия;;0
"Магаданская область";Россия;;0
"Ленинградская область";Россия;;0
"Рязанская область";Россия;;0
"Кировская область";Россия;;0
Кабардино-Балкария;Россия;;0
"Забайкальский край";Россия;;0
Карелия;Россия;;0
"Камчатский край";Россия;;0
"Калужская область";Россия;;0
Калмыкия;Россия;;0
"Саратовская область";Россия;;0
"Чукотский АО";Россия;;0
"Ивановская область";Россия;;0
"Брянская область";Россия;;0
Адыгея;Россия;;0
Алтай;Россия;;0
"Амурская область";Россия;;0
"Архангельская область";Россия;;0
"Краснодарский край";Россия;;0
"Еврейская АО";Россия;;0
"Алтайский край";Россия;;0
"Вологодская область";Россия;;0
"Волгоградская область";Россия;;0
"Владимирская область";Россия;;0
Бурятия;Россия;;0
Марий-Эл;Россия;;0
"Костромская область";Россия;;0
Буй;"Россия/Костромская область";157000;1
Волгореченск;"Россия/Костромская область";156901;1
Галич;"Россия/Костромская область";157200;1
Кологрив;"Россия/Костромская область";157440;1
Кострома;"Россия/Костромская область";156000;1
Макарьев;"Россия/Костромская область";157460;1
Мантурово;"Россия/Костромская область";157300;1
Нерехта;"Россия/Костромская область";157800;1
Нея;"Россия/Костромская область";157330;1
Солигалич;"Россия/Костромская область";157170;1
Чухлома;"Россия/Костромская область";157130;1
Шарья;"Россия/Костромская область";157500;1
Апрелевка;"Россия/Московская область";143360;1
Балашиха;"Россия/Московская область";143900;1
Бронницы;"Россия/Московская область";140170;1
Верея;"Россия/Московская область";140153;1
Видное;"Россия/Московская область";142700;1
Волоколамск;"Россия/Московская область";143600;1
Воскресенск;"Россия/Московская область";140200;1
Высоковск;"Россия/Московская область";141650;1
Голицыно;"Россия/Московская область";143040;1
Дедовск;"Россия/Московская область";143530;1
Дзержинский;"Россия/Московская область";140090;1
Дмитров;"Россия/Московская область";141800;1
Долгопрудный;"Россия/Московская область";141700;1
Домодедово;"Россия/Московская область";142000;1
Дрезна;"Россия/Московская область";142660;1
Дубна;"Россия/Московская область";141980;1
Егорьевск;"Россия/Московская область";140300;1
Железнодорожный;"Россия/Московская область";143920;1
Жуковский;"Россия/Московская область";140180;1
Зарайск;"Россия/Московская область";140600;1
Звенигород;"Россия/Московская область";143180;1
Ивантеевка;"Россия/Московская область";141280;1
Истра;"Россия/Московская область";143500;1
Истра-1;"Россия/Московская область";143501;1
Кашира;"Россия/Московская область";142900;1
Климовск;"Россия/Московская область";142180;1
Клин;"Россия/Московская область";141601;1
Коломна;"Россия/Московская область";140400;1
Королев;"Россия/Московская область";141060;1
Котельники;"Россия/Московская область";140053;1
Красноармейск;"Россия/Московская область";141290;1
Красногорск;"Россия/Московская область";143401;1
Краснозаводск;"Россия/Московская область";141321;1
Кубинка;"Россия/Московская область";143070;1
Куровское;"Россия/Московская область";142620;1
Ликино-Дулево;"Россия/Московская область";142670;1
Лобня;"Россия/Московская область";141730;1
Лосино-Петровский;"Россия/Московская область";141150;1
Луховицы;"Россия/Московская область";140500;1
Лыткарино;"Россия/Московская область";140080;1
Люберцы;"Россия/Московская область";140000;1
Можайск;"Россия/Московская область";143200;1
Москва;"Россия/Московская область";101000;1
Мытищи;"Россия/Московская область";141000;1
Наро-Фоминск;"Россия/Московская область";143300;1
Ногинск;"Россия/Московская область";142400;1
Одинцово;"Россия/Московская область";143000;1
Ожерелье;"Россия/Московская область";142920;1
Озеры;"Россия/Московская область";140560;1
Орехово-Зуево;"Россия/Московская область";142600;1
"Павловский Посад";"Россия/Московская область";142500;1
Пересвет;"Россия/Московская область";141320;1
Подольск;"Россия/Московская область";142096;1
Протвино;"Россия/Московская область";142280;1
Пушкино;"Россия/Московская область";141200;1
Пущино;"Россия/Московская область";142290;1
Раменское;"Россия/Московская область";140100;1
Реутов;"Россия/Московская область";143960;1
Рошаль;"Россия/Московская область";140730;1
Руза;"Россия/Московская область";143100;1
"Сергиев Посад";"Россия/Московская область";141300;1
"Сергиев Посад-7";"Россия/Московская область";141307;1
Серпухов;"Россия/Московская область";142200;1
Солнечногорск;"Россия/Московская область";141501;1
Солнечногорск-2;"Россия/Московская область";141502;1
Солнечногорск-25;"Россия/Московская область";141501;1
Солнечногорск-30;"Россия/Московская область";141590;1
Солнечногорск-7;"Россия/Московская область";141507;1
"Старая Купавна";"Россия/Московская область";142450;1
Ступино;"Россия/Московская область";142800;1
Талдом;"Россия/Московская область";141900;1
Фрязино;"Россия/Московская область";141190;1
Химки;"Россия/Московская область";141400;1
Хотьково;"Россия/Московская область";141370;1
Черноголовка;"Россия/Московская область";142432;1
Чехов;"Россия/Московская область";142300;1
Чехов-2;"Россия/Московская область";142302;1
Чехов-3;"Россия/Московская область";142303;1
Чехов-8;"Россия/Московская область";142300;1
Шатура;"Россия/Московская область";140700;1
Щелково;"Россия/Московская область";141100;1
Электрогорск;"Россия/Московская область";142530;1
Электросталь;"Россия/Московская область";144000;1
Электроугли;"Россия/Московская область";142455;1
Яхрома;"Россия/Московская область";141840;1
Волжск;Россия/Марий-Эл;425000;1
Звенигово;Россия/Марий-Эл;425060;1
Йошкар-Ола;Россия/Марий-Эл;424000;1
Козьмодемьянск;Россия/Марий-Эл;150525;1
Бабушкин;Россия/Бурятия;671230;1
Гусиноозерск;Россия/Бурятия;671160;1
Закаменск;Россия/Бурятия;671950;1
Кяхта;Россия/Бурятия;446722;1
Северобайкальск;Россия/Бурятия;671700;1
Улан-Удэ;Россия/Бурятия;670000;1
Александров;"Россия/Владимирская область";347233;1
Владимир;"Россия/Владимирская область";600000;1
Вязники;"Россия/Владимирская область";601440;1
Гороховец;"Россия/Владимирская область";601480;1
Гусь-Хрустальный;"Россия/Владимирская область";601500;1
Камешково;"Россия/Владимирская область";601300;1
Карабаново;"Россия/Владимирская область";601640;1
Киржач;"Россия/Владимирская область";601010;1
Ковров;"Россия/Владимирская область";601900;1
Кольчугино;"Россия/Владимирская область";297551;1
Костерево;"Россия/Владимирская область";601110;1
Курлово;"Россия/Владимирская область";601570;1
Лакинск;"Россия/Владимирская область";0;1
Меленки;"Россия/Владимирская область";150530;1
Муром;"Россия/Владимирская область";309257;1
Петушки;"Россия/Владимирская область";215049;1
Покров;"Россия/Владимирская область";152075;1
Радужный;"Россия/Владимирская область";140483;1
Собинка;"Россия/Владимирская область";601201;1
Струнино;"Россия/Владимирская область";601670;1
Судогда;"Россия/Владимирская область";601351;1
Суздаль;"Россия/Владимирская область";601291;1
Юрьев-Польский;"Россия/Владимирская область";601800;1
Волгоград;"Россия/Волгоградская область";400000;1
Волжский;"Россия/Волгоградская область";404100;1
Дубовка;"Россия/Волгоградская область";356210;1
Жирновск;"Россия/Волгоградская область";403790;1
Калач-на-Дону;"Россия/Волгоградская область";404500;1
Камышин;"Россия/Волгоградская область";403870;1
Котельниково;"Россия/Волгоградская область";157250;1
Котово;"Россия/Волгоградская область";143521;1
Краснослободск;"Россия/Волгоградская область";404160;1
Ленинск;"Россия/Волгоградская область";404620;1
Михайловка;"Россия/Волгоградская область";161306;1
Николаевск;"Россия/Волгоградская область";404030;1
Новоаннинский;"Россия/Волгоградская область";403950;1
Палласовка;"Россия/Волгоградская область";404260;1
"Петров Вал";"Россия/Волгоградская область";403840;1
Серафимович;"Россия/Волгоградская область";403441;1
Суровикино;"Россия/Волгоградская область";404410;1
Урюпинск;"Россия/Волгоградская область";403110;1
Фролово;"Россия/Волгоградская область";171637;1
Бабаево;"Россия/Вологодская область";152080;1
Белозерск;"Россия/Вологодская область";161200;1
"Великий Устюг";"Россия/Вологодская область";160839;1
Вологда;"Россия/Вологодская область";160000;1
Вытегра;"Россия/Вологодская область";162900;1
Грязовец;"Россия/Вологодская область";162000;1
Кадников;"Россия/Вологодская область";162107;1
Кириллов;"Россия/Вологодская область";161100;1
Красавино;"Россия/Вологодская область";161390;1
Никольск;"Россия/Вологодская область";161440;1
Сокол;"Россия/Вологодская область";161157;1
Тотьма;"Россия/Вологодская область";161300;1
Устюжна;"Россия/Вологодская область";162840;1
Харовск;"Россия/Вологодская область";162250;1
Череповец;"Россия/Вологодская область";160860;1
Бобров;"Россия/Воронежская область";397700;1
Богучар;"Россия/Воронежская область";396790;1
Борисоглебск;"Россия/Воронежская область";397160;1
Бутурлиновка;"Россия/Воронежская область";397500;1
Воронеж;"Россия/Воронежская область";394000;1
Калач;"Россия/Воронежская область";397600;1
Лиски;"Россия/Воронежская область";397900;1
Нововоронеж;"Россия/Воронежская область";396070;1
Новохоперск;"Россия/Воронежская область";397400;1
Острогожск;"Россия/Воронежская область";397850;1
Павловск;"Россия/Воронежская область";196620;1
Поворино;"Россия/Воронежская область";397350;1
Россошь;"Россия/Воронежская область";346073;1
Семилуки;"Россия/Воронежская область";396900;1
Эртиль;"Россия/Воронежская область";397030;1
Алейск;"Россия/Алтайский край";658130;1
Барнаул;"Россия/Алтайский край";656000;1
Белокуриха;"Россия/Алтайский край";659900;1
Бийск;"Россия/Алтайский край";659300;1
Горняк;"Россия/Алтайский край";171115;1
Заринск;"Россия/Алтайский край";659100;1
Змеиногорск;"Россия/Алтайский край";658480;1
Камень-на-Оби;"Россия/Алтайский край";658700;1
Новоалтайск;"Россия/Алтайский край";658067;1
Рубцовск;"Россия/Алтайский край";658200;1
Славгород;"Россия/Алтайский край";658820;1
Яровое;"Россия/Алтайский край";627227;1
Буйнакск;Россия/Дагестан;368220;1
"Дагестанские Огни";Россия/Дагестан;368670;1
Дербент;Россия/Дагестан;368551;1
Избербаш;Россия/Дагестан;368500;1
Каспийск;Россия/Дагестан;368300;1
Кизилюрт;Россия/Дагестан;368120;1
Кизляр;Россия/Дагестан;363709;1
Махачкала;Россия/Дагестан;367000;1
Хасавюрт;Россия/Дагестан;368000;1
Южно-Сухокумск;Россия/Дагестан;368890;1
Биробиджан;"Россия/Еврейская АО";679000;1
Облучье;"Россия/Еврейская АО";679100;1
Абинск;"Россия/Краснодарский край";353320;1
Анапа;"Россия/Краснодарский край";353440;1
Апшеронск;"Россия/Краснодарский край";352690;1
Армавир;"Россия/Краснодарский край";352900;1
Белореченск;"Россия/Краснодарский край";352630;1
Геленджик;"Россия/Краснодарский край";353460;1
"Горячий Ключ";"Россия/Краснодарский край";353290;1
Гулькевичи;"Россия/Краснодарский край";352190;1
Ейск;"Россия/Краснодарский край";353680;1
Кореновск;"Россия/Краснодарский край";353180;1
Краснодар;"Россия/Краснодарский край";350000;1
Кропоткин;"Россия/Краснодарский край";352380;1
Крымск;"Россия/Краснодарский край";353380;1
Курганинск;"Россия/Краснодарский край";352430;1
Лабинск;"Россия/Краснодарский край";352500;1
Новокубанск;"Россия/Краснодарский край";352240;1
Новороссийск;"Россия/Краснодарский край";353900;1
Приморско-Ахтарск;"Россия/Краснодарский край";353860;1
Славянск-на-Кубани;"Россия/Краснодарский край";353560;1
Сочи;"Россия/Краснодарский край";354000;1
Темрюк;"Россия/Краснодарский край";353500;1
Тимашевск;"Россия/Краснодарский край";352700;1
Тихорецк;"Россия/Краснодарский край";352120;1
Туапсе;"Россия/Краснодарский край";352800;1
Усть-Лабинск;"Россия/Краснодарский край";352330;1
Хадыженск;"Россия/Краснодарский край";352680;1
Артемовск;"Россия/Красноярский край";662951;1
Ачинск;"Россия/Красноярский край";660816;1
Боготол;"Россия/Красноярский край";662060;1
Бородино;"Россия/Красноярский край";143240;1
Дивногорск;"Россия/Красноярский край";663090;1
Дудинка;"Россия/Красноярский край";647000;1
Енисейск;"Россия/Красноярский край";663180;1
Железногорск;"Россия/Красноярский край";307170;1
Заозерный;"Россия/Красноярский край";627741;1
Зеленогорск;"Россия/Красноярский край";197720;1
Игарка;"Россия/Красноярский край";663200;1
Иланский;"Россия/Красноярский край";663800;1
Канск;"Россия/Красноярский край";660861;1
Кодинск;"Россия/Красноярский край";663490;1
Красноярск;"Россия/Красноярский край";660000;1
Лесосибирск;"Россия/Красноярский край";662540;1
Минусинск;"Россия/Красноярский край";660860;1
Назарово;"Россия/Красноярский край";152734;1
Норильск;"Россия/Красноярский край";663300;1
Сосновоборск;"Россия/Красноярский край";442570;1
Ужур;"Россия/Красноярский край";662250;1
Уяр;"Россия/Красноярский край";663920;1
Шарыпово;"Россия/Красноярский край";662310;1
Архангельск;"Россия/Архангельская область";163000;1
Вельск;"Россия/Архангельская область";165150;1
Каргополь;"Россия/Архангельская область";164110;1
Коряжма;"Россия/Архангельская область";165650;1
Котлас;"Россия/Архангельская область";165300;1
Мезень;"Россия/Архангельская область";164750;1
Мирный;"Россия/Архангельская область";162236;1
Новодвинск;"Россия/Архангельская область";164900;1
Няндома;"Россия/Архангельская область";164200;1
Онега;"Россия/Архангельская область";164840;1
Северодвинск;"Россия/Архангельская область";164500;1
Сольвычегодск;"Россия/Архангельская область";165330;1
Шенкурск;"Россия/Архангельская область";165160;1
Белогорск;"Россия/Амурская область";297600;1
Благовещенск;"Россия/Амурская область";453430;1
Завитинск;"Россия/Амурская область";676870;1
Зея;"Россия/Амурская область";675824;1
Райчихинск;"Россия/Амурская область";676770;1
Свободный;"Россия/Амурская область";346958;1
Сковородино;"Россия/Амурская область";676010;1
Тында;"Россия/Амурская область";675828;1
Углегорск;"Россия/Амурская область";676470;1
Шимановск;"Россия/Амурская область";676301;1
Горно-Алтайск;Россия/Алтай;649000;1
Адыгейск;Россия/Адыгея;385200;1
Майкоп;Россия/Адыгея;385000;1
Брянск;"Россия/Брянская область";241000;1
Дятьково;"Россия/Брянская область";242600;1
Жуковка;"Россия/Брянская область";242700;1
Злынка;"Россия/Брянская область";243600;1
Карачев;"Россия/Брянская область";242500;1
Клинцы;"Россия/Брянская область";243140;1
Мглин;"Россия/Брянская область";243220;1
Новозыбков;"Россия/Брянская область";243020;1
Почеп;"Россия/Брянская область";243400;1
Севск;"Россия/Брянская область";242440;1
Сельцо;"Россия/Брянская область";187052;1
Стародуб;"Россия/Брянская область";243240;1
Сураж;"Россия/Брянская область";243500;1
Трубчевск;"Россия/Брянская область";242220;1
Унеча;"Россия/Брянская область";243300;1
Фокино;"Россия/Брянская область";242610;1
Вичуга;"Россия/Ивановская область";155330;1
"Гаврилов Посад";"Россия/Ивановская область";155000;1
Заволжск;"Россия/Ивановская область";155410;1
Иваново;"Россия/Ивановская область";140331;1
Кинешма;"Россия/Ивановская область";155800;1
Комсомольск;"Россия/Ивановская область";155150;1
Кохма;"Россия/Ивановская область";153510;1
Наволоки;"Россия/Ивановская область";155830;1
Плес;"Россия/Ивановская область";155555;1
Приволжск;"Россия/Ивановская область";155550;1
Пучеж;"Россия/Ивановская область";155360;1
Родники;"Россия/Ивановская область";140143;1
Тейково;"Россия/Ивановская область";155040;1
Фурманов;"Россия/Ивановская область";155520;1
Шуя;"Россия/Ивановская область";155900;1
Южа;"Россия/Ивановская область";155630;1
Юрьевец;"Россия/Ивановская область";155450;1
Анадырь;"Россия/Чукотский АО";689000;1
Билибино;"Россия/Чукотский АО";689450;1
Певек;"Россия/Чукотский АО";689400;1
Аркадак;"Россия/Саратовская область";412210;1
Аткарск;"Россия/Саратовская область";412420;1
Балаково;"Россия/Саратовская область";413823;1
Балашов;"Россия/Саратовская область";412292;1
Вольск;"Россия/Саратовская область";412900;1
Вольск-18;"Россия/Саратовская область";412918;1
Ершов;"Россия/Саратовская область";413500;1
Калининск;"Россия/Саратовская область";412479;1
"Красный Кут";"Россия/Саратовская область";346462;1
Маркс;"Россия/Саратовская область";413089;1
Новоузенск;"Россия/Саратовская область";413360;1
Петровск;"Россия/Саратовская область";412540;1
Пугачев;"Россия/Саратовская область";413720;1
Ртищево;"Россия/Саратовская область";303719;1
Саратов;"Россия/Саратовская область";410000;1
Хвалынск;"Россия/Саратовская область";412780;1
Шиханы;"Россия/Саратовская область";412950;1
Энгельс;"Россия/Саратовская область";413100;1
Багратионовск;"Россия/Калининградская область";238420;1
Балтийск;"Россия/Калининградская область";238520;1
Гвардейск;"Россия/Калининградская область";238210;1
Гурьевск;"Россия/Калининградская область";238300;1
Гусев;"Россия/Калининградская область";238050;1
Зеленоградск;"Россия/Калининградская область";238326;1
Калининград;"Россия/Калининградская область";236001;1
Краснознаменск;"Россия/Калининградская область";143090;1
Ладушкин;"Россия/Калининградская область";238460;1
Мамоново;"Россия/Калининградская область";238450;1
Неман;"Россия/Калининградская область";238710;1
Нестеров;"Россия/Калининградская область";238010;1
Озерск;"Россия/Калининградская область";238120;1
Пионерский;"Россия/Калининградская область";161061;1
Полесск;"Россия/Калининградская область";238630;1
Правдинск;"Россия/Калининградская область";238400;1
Приморск;"Россия/Калининградская область";188910;1
Светлогорск;"Россия/Калининградская область";238560;1
Светлый;"Россия/Калининградская область";164557;1
Славск;"Россия/Калининградская область";238600;1
Советск;"Россия/Калининградская область";236876;1
Черняховск;"Россия/Калининградская область";236816;1
Городовиковск;Россия/Калмыкия;359050;1
Лагань;Россия/Калмыкия;359220;1
Элиста;Россия/Калмыкия;358000;1
Балабаново;"Россия/Калужская область";249000;1
Белоусово;"Россия/Калужская область";162930;1
Боровск;"Россия/Калужская область";249010;1
Ермолино;"Россия/Калужская область";141923;1
Жиздра;"Россия/Калужская область";249340;1
Жуков;"Россия/Калужская область";249190;1
Калуга;"Россия/Калужская область";248000;1
Киров;"Россия/Калужская область";249440;1
Козельск;"Россия/Калужская область";249141;1
Кондрово;"Россия/Калужская область";249830;1
Кременки;"Россия/Калужская область";249185;1
Людиново;"Россия/Калужская область";249342;1
Малоярославец;"Россия/Калужская область";249091;1
Медынь;"Россия/Калужская область";249950;1
Мещовск;"Россия/Калужская область";249240;1
Мосальск;"Россия/Калужская область";249930;1
Обнинск;"Россия/Калужская область";249030;1
Сосенский;"Россия/Калужская область";249710;1
Спас-Деменск;"Россия/Калужская область";249610;1
Сухиничи;"Россия/Калужская область";249270;1
Таруса;"Россия/Калужская область";249100;1
Юхнов;"Россия/Калужская область";249910;1
Вилючинск;"Россия/Камчатский край";684090;1
Елизово;"Россия/Камчатский край";684000;1
Петропавловск-Камчатский;"Россия/Камчатский край";683000;1
Карачаевск;Россия/Карачаево-Черкессия;369200;1
Теберда;Россия/Карачаево-Черкессия;369210;1
Усть-Джегута;Россия/Карачаево-Черкессия;369300;1
Черкесск;Россия/Карачаево-Черкессия;369000;1
Беломорск;Россия/Карелия;186500;1
Кемь;Россия/Карелия;186610;1
Кондопога;Россия/Карелия;186215;1
Костомукша;Россия/Карелия;186930;1
Лахденпохья;Россия/Карелия;186730;1
Медвежьегорск;Россия/Карелия;186302;1
Олонец;Россия/Карелия;186000;1
Петрозаводск;Россия/Карелия;185000;1
Питкяранта;Россия/Карелия;186810;1
Пудож;Россия/Карелия;186150;1
Сегежа;Россия/Карелия;186420;1
Сортавала;Россия/Карелия;186790;1
Суоярви;Россия/Карелия;186870;1
Анжеро-Судженск;"Россия/Кемеровская область";652470;1
Белово;"Россия/Кемеровская область";157138;1
Березовский;"Россия/Кемеровская область";249355;1
Калтан;"Россия/Кемеровская область";652740;1
Кемерово;"Россия/Кемеровская область";650000;1
Киселевск;"Россия/Кемеровская область";652700;1
Ленинск-Кузнецкий;"Россия/Кемеровская область";652500;1
Мариинск;"Россия/Кемеровская область";652150;1
Междуреченск;"Россия/Кемеровская область";169260;1
Мыски;"Россия/Кемеровская область";652840;1
Новокузнецк;"Россия/Кемеровская область";654000;1
Осинники;"Россия/Кемеровская область";652800;1
Полысаево;"Россия/Кемеровская область";0;1
Прокопьевск;"Россия/Кемеровская область";653000;1
Салаир;"Россия/Кемеровская область";0;1
Тайга;"Россия/Кемеровская область";164644;1
Таштагол;"Россия/Кемеровская область";652990;1
Топки;"Россия/Кемеровская область";303187;1
Юрга;"Россия/Кемеровская область";652050;1
Балей;"Россия/Забайкальский край";673450;1
Борзя;"Россия/Забайкальский край";674600;1
Краснокаменск;"Россия/Забайкальский край";662955;1
Могоча;"Россия/Забайкальский край";673730;1
Нерчинск;"Россия/Забайкальский край";672840;1
Петровск-Забайкальский;"Россия/Забайкальский край";672801;1
Сретенск;"Россия/Забайкальский край";673500;1
Хилок;"Россия/Забайкальский край";673200;1
Чита;"Россия/Забайкальский край";422792;1
Шилка;"Россия/Забайкальский край";673302;1
Баксан;Россия/Кабардино-Балкария;361530;1
Майский;Россия/Кабардино-Балкария;160508;1
Нальчик;Россия/Кабардино-Балкария;360000;1
Нарткала;Россия/Кабардино-Балкария;361330;1
Прохладный;Россия/Кабардино-Балкария;361040;1
Терек;Россия/Кабардино-Балкария;356837;1
Тырныауз;Россия/Кабардино-Балкария;361621;1
Чегем;Россия/Кабардино-Балкария;361400;1
"Белая Холуница";"Россия/Кировская область";613200;1
"Вятские Поляны";"Россия/Кировская область";612960;1
Зуевка;"Россия/Кировская область";306137;1
Кирово-Чепецк;"Россия/Кировская область";613040;1
Кирс;"Россия/Кировская область";612820;1
Котельнич;"Россия/Кировская область";612600;1
Луза;"Россия/Кировская область";613980;1
Малмыж;"Россия/Кировская область";612920;1
Мураши;"Россия/Кировская область";613710;1
Нолинск;"Россия/Кировская область";613440;1
Омутнинск;"Россия/Кировская область";612704;1
Орлов;"Россия/Кировская область";347135;1
Слободской;"Россия/Кировская область";346652;1
Сосновка;"Россия/Кировская область";140576;1
Уржум;"Россия/Кировская область";613530;1
Яранск;"Россия/Кировская область";612260;1
Жигулевск;"Россия/Самарская область";445350;1
Кинель;"Россия/Самарская область";446430;1
Нефтегорск;"Россия/Самарская область";352685;1
Новокуйбышевск;"Россия/Самарская область";446200;1
Октябрьск;"Россия/Самарская область";445240;1
Отрадный;"Россия/Самарская область";346605;1
Похвистнево;"Россия/Самарская область";446450;1
Самара;"Россия/Самарская область";443000;1
Сызрань;"Россия/Самарская область";446000;1
Тольятти;"Россия/Самарская область";445000;1
Чапаевск;"Россия/Самарская область";446100;1
Касимов;"Россия/Рязанская область";391300;1
Кораблино;"Россия/Рязанская область";390515;1
Михайлов;"Россия/Рязанская область";347071;1
Новомичуринск;"Россия/Рязанская область";391160;1
Рыбное;"Россия/Рязанская область";141821;1
Ряжск;"Россия/Рязанская область";391960;1
Рязань;"Россия/Рязанская область";390000;1
Сасово;"Россия/Рязанская область";391430;1
Скопин;"Россия/Рязанская область";391800;1
Спас-Клепики;"Россия/Рязанская область";391030;1
Спасск-Рязанский;"Россия/Рязанская область";391050;1
Шацк;"Россия/Рязанская область";391550;1
Далматово;"Россия/Курганская область";641730;1
Катайск;"Россия/Курганская область";641700;1
Курган;"Россия/Курганская область";618613;1
Куртамыш;"Россия/Курганская область";641430;1
Макушино;"Россия/Курганская область";182340;1
Петухово;"Россия/Курганская область";641640;1
Шадринск;"Россия/Курганская область";641804;1
Шумиха;"Россия/Курганская область";622921;1
Щучье;"Россия/Курганская область";172468;1
Дмитриев;"Россия/Курская область";0;1
Курск;"Россия/Курская область";188442;1
Курчатов;"Россия/Курская область";307250;1
Льгов;"Россия/Курская область";303944;1
Обоянь;"Россия/Курская область";306230;1
Рыльск;"Россия/Курская область";307331;1
Суджа;"Россия/Курская область";307800;1
Фатеж;"Россия/Курская область";307100;1
Щигры;"Россия/Курская область";306509;1
Бокситогорск;"Россия/Ленинградская область";187650;1
Волосово;"Россия/Ленинградская область";187844;1
Волхов;"Россия/Ленинградская область";187401;1
Всеволожск;"Россия/Ленинградская область";188640;1
Выборг;"Россия/Ленинградская область";188800;1
Высоцк;"Россия/Ленинградская область";188909;1
Гатчина;"Россия/Ленинградская область";188300;1
Ивангород;"Россия/Ленинградская область";188490;1
Каменногорск;"Россия/Ленинградская область";188950;1
Кингисепп;"Россия/Ленинградская область";188452;1
Кириши;"Россия/Ленинградская область";187110;1
Кировск;"Россия/Ленинградская область";184250;1
Коммунар;"Россия/Ленинградская область";188320;1
"Лодейное Поле";"Россия/Ленинградская область";187700;1
Луга;"Россия/Ленинградская область";188229;1
Любань;"Россия/Ленинградская область";187050;1
Никольское;"Россия/Ленинградская область";143724;1
"Новая Ладога";"Россия/Ленинградская область";187450;1
Отрадное;"Россия/Ленинградская область";143442;1
Пикалево;"Россия/Ленинградская область";187600;1
Подпорожье;"Россия/Ленинградская область";186164;1
Приозерск;"Россия/Ленинградская область";188760;1
Санкт-Петербург;"Россия/Ленинградская область";190000;1
Светогорск;"Россия/Ленинградская область";188990;1
Сертолово;"Россия/Ленинградская область";188650;1
Сланцы;"Россия/Ленинградская область";188560;1
"Сосновый Бор";"Россия/Ленинградская область";182277;1
Сясьстрой;"Россия/Ленинградская область";187420;1
Тихвин;"Россия/Ленинградская область";187549;1
Тосно;"Россия/Ленинградская область";187000;1
Шлиссельбург;"Россия/Ленинградская область";187320;1
Грязи;"Россия/Липецкая область";399050;1
Данков;"Россия/Липецкая область";399835;1
Елец;"Россия/Липецкая область";399002;1
Задонск;"Россия/Липецкая область";399200;1
Лебедянь;"Россия/Липецкая область";399610;1
Липецк;"Россия/Липецкая область";398000;1
Усмань;"Россия/Липецкая область";399370;1
Чаплыгин;"Россия/Липецкая область";352185;1
Магадан;"Россия/Магаданская область";685000;1
Сусуман;"Россия/Магаданская область";686314;1
Воркута;Россия/Коми;169900;1
Вуктыл;Россия/Коми;169570;1
Емва;Россия/Коми;169200;1
Инта;Россия/Коми;169840;1
Микунь;Россия/Коми;169060;1
Печора;Россия/Коми;169600;1
Сосногорск;Россия/Коми;169500;1
Сыктывкар;Россия/Коми;167000;1
Усинск;Россия/Коми;169710;1
Ухта;Россия/Коми;169300;1
Губкинский;"Россия/Ямало-Ненецкий АО";629830;1
Лабытнанги;"Россия/Ямало-Ненецкий АО";629400;1
Муравленко;"Россия/Ямало-Ненецкий АО";629601;1
Надым;"Россия/Ямало-Ненецкий АО";629730;1
"Новый Уренгой";"Россия/Ямало-Ненецкий АО";629300;1
Ноябрьск;"Россия/Ямало-Ненецкий АО";629800;1
Салехард;"Россия/Ямало-Ненецкий АО";629000;1
Тарко-Сале;"Россия/Ямало-Ненецкий АО";629850;1
Алзамай;"Россия/Иркутская область";0;1
Ангарск;"Россия/Иркутская область";665800;1
Байкальск;"Россия/Иркутская область";665930;1
Бирюсинск;"Россия/Иркутская область";0;1
Бодайбо;"Россия/Иркутская область";666900;1
Братск;"Россия/Иркутская область";664899;1
Вихоревка;"Россия/Иркутская область";665770;1
Железногорск-Илимский;"Россия/Иркутская область";665650;1
Зима;"Россия/Иркутская область";665382;1
Иркутск;"Россия/Иркутская область";664000;1
Киренск;"Россия/Иркутская область";666700;1
Нижнеудинск;"Россия/Иркутская область";664810;1
Саянск;"Россия/Иркутская область";662654;1
Свирск;"Россия/Иркутская область";665420;1
Слюдянка;"Россия/Иркутская область";665900;1
Тайшет;"Россия/Иркутская область";664802;1
Тулун;"Россия/Иркутская область";665250;1
Усолье-Сибирское;"Россия/Иркутская область";665450;1
Усть-Илимск;"Россия/Иркутская область";666670;1
Усть-Кут;"Россия/Иркутская область";666780;1
Черемхово;"Россия/Иркутская область";665400;1
Шелехов;"Россия/Иркутская область";666031;1
Карабулак;Россия/Ингушетия;386230;1
Магас;Россия/Ингушетия;386001;1
Малгобек;Россия/Ингушетия;386300;1
Назрань;Россия/Ингушетия;386100;1
Арсеньев;"Россия/Приморский край";692330;1
Артем;"Россия/Приморский край";692486;1
"Большой Камень";"Россия/Приморский край";628107;1
Владивосток;"Россия/Приморский край";690000;1
Дальнегорск;"Россия/Приморский край";692441;1
Дальнереченск;"Россия/Приморский край";692102;1
Лесозаводск;"Россия/Приморский край";692031;1
Находка;"Россия/Приморский край";629360;1
Партизанск;"Россия/Приморский край";663404;1
Спасск-Дальний;"Россия/Приморский край";692230;1
Уссурийск;"Россия/Приморский край";692500;1
Воткинск;Россия/Удмуртия;427430;1
Глазов;Россия/Удмуртия;427601;1
Ижевск;Россия/Удмуртия;426000;1
Камбарка;Россия/Удмуртия;427950;1
Можга;Россия/Удмуртия;427327;1
Сарапул;Россия/Удмуртия;427960;1
Заводоуковск;"Россия/Тюменская область";627139;1
Ишим;"Россия/Тюменская область";627705;1
Тобольск;"Россия/Тюменская область";626147;1
Тюмень;"Россия/Тюменская область";625000;1
Ялуторовск;"Россия/Тюменская область";625805;1
Велиж;"Россия/Смоленская область";216290;1
Вязьма;"Россия/Смоленская область";215110;1
Гагарин;"Россия/Смоленская область";215010;1
Демидов;"Россия/Смоленская область";216240;1
Десногорск;"Россия/Смоленская область";216400;1
Дорогобуж;"Россия/Смоленская область";215710;1
Духовщина;"Россия/Смоленская область";216200;1
Ельня;"Россия/Смоленская область";216330;1
Починок;"Россия/Смоленская область";157195;1
Рославль;"Россия/Смоленская область";216500;1
Рудня;"Россия/Смоленская область";216790;1
Сафоново;"Россия/Смоленская область";164767;1
Смоленск;"Россия/Смоленская область";214000;1
Сычевка;"Россия/Смоленская область";215279;1
Ярцево;"Россия/Смоленская область";162804;1
Благодарный;"Россия/Ставропольский край";356420;1
Буденновск;"Россия/Ставропольский край";356800;1
Георгиевск;"Россия/Ставропольский край";357820;1
Ессентуки;"Россия/Ставропольский край";357600;1
Железноводск;"Россия/Ставропольский край";357400;1
Зеленокумск;"Россия/Ставропольский край";357910;1
Изобильный;"Россия/Ставропольский край";347674;1
Ипатово;"Россия/Ставропольский край";356630;1
Кисловодск;"Россия/Ставропольский край";357700;1
Лермонтов;"Россия/Ставропольский край";357340;1
"Минеральные Воды";"Россия/Ставропольский край";357200;1
Невинномысск;"Россия/Ставропольский край";357100;1
Нефтекумск;"Россия/Ставропольский край";356880;1
Новоалександровск;"Россия/Ставропольский край";356000;1
Новопавловск;"Россия/Ставропольский край";357300;1
Пятигорск;"Россия/Ставропольский край";357500;1
Светлоград;"Россия/Ставропольский край";356530;1
Ставрополь;"Россия/Ставропольский край";355000;1
Жердевка;"Россия/Тамбовская область";393670;1
Кирсанов;"Россия/Тамбовская область";393360;1
Котовск;"Россия/Тамбовская область";393190;1
Мичуринск;"Россия/Тамбовская область";393013;1
Моршанск;"Россия/Тамбовская область";393931;1
Рассказово;"Россия/Тамбовская область";393250;1
Тамбов;"Россия/Тамбовская область";392000;1
Уварово;"Россия/Тамбовская область";172882;1
Амурск;"Россия/Хабаровский край";682640;1
Бикин;"Россия/Хабаровский край";682970;1
Вяземский;"Россия/Хабаровский край";682950;1
Комсомольск-на-Амуре;"Россия/Хабаровский край";680801;1
Николаевск-на-Амуре;"Россия/Хабаровский край";682455;1
"Советская Гавань";"Россия/Хабаровский край";680881;1
Хабаровск;"Россия/Хабаровский край";680000;1
Аргун;Россия/Чечня;366281;1
Грозный;Россия/Чечня;364000;1
Гудермес;Россия/Чечня;366200;1
Урус-Мартан;Россия/Чечня;366500;1
Шали;Россия/Чечня;366300;1
Аша;"Россия/Челябинская область";456010;1
Бакал;"Россия/Челябинская область";456900;1
Верхнеуральск;"Россия/Челябинская область";457670;1
"Верхний Уфалей";"Россия/Челябинская область";456800;1
Еманжелинск;"Россия/Челябинская область";456580;1
Златоуст;"Россия/Челябинская область";456200;1
Карабаш;"Россия/Челябинская область";423229;1
Карталы;"Россия/Челябинская область";457350;1
Касли;"Россия/Челябинская область";456830;1
Катав-Ивановск;"Россия/Челябинская область";456110;1
Копейск;"Россия/Челябинская область";456600;1
Коркино;"Россия/Челябинская область";187045;1
Куса;"Россия/Челябинская область";456940;1
Кыштым;"Россия/Челябинская область";456870;1
Магнитогорск;"Россия/Челябинская область";455000;1
Миасс;"Россия/Челябинская область";456300;1
Миньяр;"Россия/Челябинская область";456007;1
Нязепетровск;"Россия/Челябинская область";456970;1
Пласт;"Россия/Челябинская область";457020;1
Сатка;"Россия/Челябинская область";456910;1
Сим;"Россия/Челябинская область";456020;1
Снежинск;"Россия/Челябинская область";456770;1
Трехгорный;"Россия/Челябинская область";456080;1
Усть-Катав;"Россия/Челябинская область";456040;1
Чебаркуль;"Россия/Челябинская область";456438;1
Челябинск;"Россия/Челябинская область";454000;1
Южноуральск;"Россия/Челябинская область";457018;1
Юрюзань;"Россия/Челябинская область";456120;1
"Великие Луки";"Россия/Псковская область";182100;1
"Великие Луки-1";"Россия/Псковская область";182171;1
Гдов;"Россия/Псковская область";181600;1
Дно;"Россия/Псковская область";182670;1
Невель;"Россия/Псковская область";182500;1
Новоржев;"Россия/Псковская область";182440;1
Новосокольники;"Россия/Псковская область";182200;1
Опочка;"Россия/Псковская область";182330;1
Остров;"Россия/Псковская область";152235;1
Печоры;"Россия/Псковская область";181500;1
Порхов;"Россия/Псковская область";182620;1
Псков;"Россия/Псковская область";180000;1
Пустошка;"Россия/Псковская область";162708;1
Пыталово;"Россия/Псковская область";181410;1
Себеж;"Россия/Псковская область";182250;1
Ак-Довурак;"Россия/Тыва (Тува)";668050;1
Кызыл;"Россия/Тыва (Тува)";667000;1
Туран;"Россия/Тыва (Тува)";668510;1
Чадан;"Россия/Тыва (Тува)";668110;1
Шагонар;"Россия/Тыва (Тува)";668210;1
Алексин;"Россия/Тульская область";301360;1
Белев;"Россия/Тульская область";301530;1
Богородицк;"Россия/Тульская область";301830;1
Болохово;"Россия/Тульская область";301280;1
Венев;"Россия/Тульская область";301320;1
Донской;"Россия/Тульская область";301760;1
Ефремов;"Россия/Тульская область";301840;1
Кимовск;"Россия/Тульская область";301720;1
Киреевск;"Россия/Тульская область";301260;1
Липки;"Россия/Тульская область";216461;1
Новомосковск;"Россия/Тульская область";301650;1
Плавск;"Россия/Тульская область";301470;1
Суворов;"Россия/Тульская область";301430;1
Тула;"Россия/Тульская область";300000;1
Узловая;"Россия/Тульская область";301600;1
Чекалин;"Россия/Тульская область";301414;1
Щекино;"Россия/Тульская область";162361;1
Ясногорск;"Россия/Тульская область";301030;1
Асино;"Россия/Томская область";636840;1
Кедровый;"Россия/Томская область";628544;1
Колпашево;"Россия/Томская область";636460;1
Северск;"Россия/Томская область";636000;1
Стрежевой;"Россия/Томская область";634878;1
Томск;"Россия/Томская область";634000;1
Андреаполь;"Россия/Тверская область";172800;1
Бежецк;"Россия/Тверская область";171980;1
Белый;"Россия/Тверская область";172530;1
Бологое;"Россия/Тверская область";171070;1
Весьегонск;"Россия/Тверская область";171720;1
"Вышний Волочек";"Россия/Тверская область";171147;1
"Западная Двина";"Россия/Тверская область";172610;1
Зубцов;"Россия/Тверская область";172332;1
Калязин;"Россия/Тверская область";171571;1
Кашин;"Россия/Тверская область";171591;1
Кимры;"Россия/Тверская область";171500;1
Конаково;"Россия/Тверская область";171250;1
"Красный Холм";"Россия/Тверская область";171660;1
Кувшиново;"Россия/Тверская область";172110;1
Лихославль;"Россия/Тверская область";171210;1
Нелидово;"Россия/Тверская область";143628;1
Осташков;"Россия/Тверская область";172218;1
Ржев;"Россия/Тверская область";172380;1
Старица;"Россия/Тверская область";171360;1
Тверь;"Россия/Тверская область";170000;1
Торжок;"Россия/Тверская область";172000;1
Торопец;"Россия/Тверская область";172840;1
Удомля;"Россия/Тверская область";171841;1
Агрыз;Россия/Татарстан;422230;1
Азнакаево;Россия/Татарстан;423330;1
Альметьевск;Россия/Татарстан;423403;1
Арск;Россия/Татарстан;422000;1
Бавлы;Россия/Татарстан;423930;1
Болгар;Россия/Татарстан;422840;1
Бугульма;Россия/Татарстан;423230;1
Буинск;Россия/Татарстан;422430;1
Елабуга;Россия/Татарстан;423600;1
Заинск;Россия/Татарстан;423520;1
Зеленодольск;Россия/Татарстан;422540;1
Иннополис;Россия/Татарстан;420500;1
Казань;Россия/Татарстан;420000;1
Лаишево;Россия/Татарстан;422610;1
Лениногорск;Россия/Татарстан;423250;1
Мамадыш;Россия/Татарстан;422190;1
Менделеевск;Россия/Татарстан;423650;1
Мензелинск;Россия/Татарстан;423700;1
"Набережные Челны";Россия/Татарстан;423800;1
Нижнекамск;Россия/Татарстан;423544;1
Нурлат;Россия/Татарстан;423040;1
Тетюши;Россия/Татарстан;422370;1
Чистополь;Россия/Татарстан;422980;1
Абаза;Россия/Хакасия;655750;1
Абакан;Россия/Хакасия;655000;1
Саяногорск;Россия/Хакасия;655602;1
Сорск;Россия/Хакасия;655111;1
Черногорск;Россия/Хакасия;655151;1
Белоярский;"Россия/Ханты-Мансийский АО";412561;1
Когалым;"Россия/Ханты-Мансийский АО";628481;1
Лангепас;"Россия/Ханты-Мансийский АО";628671;1
Лянтор;"Россия/Ханты-Мансийский АО";628449;1
Мегион;"Россия/Ханты-Мансийский АО";628680;1
Нефтеюганск;"Россия/Ханты-Мансийский АО";628301;1
Нижневартовск;"Россия/Ханты-Мансийский АО";628600;1
Нягань;"Россия/Ханты-Мансийский АО";628180;1
Покачи;"Россия/Ханты-Мансийский АО";628660;1
Пыть-Ях;"Россия/Ханты-Мансийский АО";628380;1
Советский;"Россия/Ханты-Мансийский АО";157433;1
Сургут;"Россия/Ханты-Мансийский АО";446551;1
Урай;"Россия/Ханты-Мансийский АО";628280;1
Ханты-Мансийск;"Россия/Ханты-Мансийский АО";628000;1
Югорск;"Россия/Ханты-Мансийский АО";628260;1
Барыш;"Россия/Ульяновская область";433750;1
Димитровград;"Россия/Ульяновская область";433500;1
Инза;"Россия/Ульяновская область";433030;1
Новоульяновск;"Россия/Ульяновская область";433300;1
Сенгилей;"Россия/Ульяновская область";433380;1
Ульяновск;"Россия/Ульяновская область";432000;1
Алагир;"Россия/Северная Осетия";363240;1
Ардон;"Россия/Северная Осетия";363330;1
Беслан;"Россия/Северная Осетия";363020;1
Владикавказ;"Россия/Северная Осетия";362000;1
Дигора;"Россия/Северная Осетия";363410;1
Моздок;"Россия/Северная Осетия";362028;1
Алдан;"Россия/Саха (Якутия)";678900;1
Верхоянск;"Россия/Саха (Якутия)";678530;1
Вилюйск;"Россия/Саха (Якутия)";678200;1
Ленск;"Россия/Саха (Якутия)";617452;1
Нерюнгри;"Россия/Саха (Якутия)";678960;1
Нюрба;"Россия/Саха (Якутия)";678450;1
Олекминск;"Россия/Саха (Якутия)";678100;1
Покровск;"Россия/Саха (Якутия)";249718;1
Среднеколымск;"Россия/Саха (Якутия)";678790;1
Томмот;"Россия/Саха (Якутия)";678953;1
Удачный;"Россия/Саха (Якутия)";678188;1
Якутск;"Россия/Саха (Якутия)";677000;1
Александровск-Сахалинский;"Россия/Сахалинская область";694420;1
Анива;"Россия/Сахалинская область";694030;1
Долинск;"Россия/Сахалинская область";694051;1
Корсаков;"Россия/Сахалинская область";694020;1
Курильск;"Россия/Сахалинская область";694530;1
Макаров;"Россия/Сахалинская область";694140;1
Невельск;"Россия/Сахалинская область";694740;1
Оха;"Россия/Сахалинская область";694490;1
Поронайск;"Россия/Сахалинская область";694240;1
Северо-Курильск;"Россия/Сахалинская область";694550;1
Томари;"Россия/Сахалинская область";694820;1
Холмск;"Россия/Сахалинская область";694620;1
Шахтерск;"Россия/Сахалинская область";694910;1
Южно-Сахалинск;"Россия/Сахалинская область";693000;1
Александровск;"Россия/Пермский край";618320;1
Березники;"Россия/Пермский край";152183;1
Верещагино;"Россия/Пермский край";152334;1
Горнозаводск;"Россия/Пермский край";618820;1
Гремячинск;"Россия/Пермский край";618270;1
Губаха;"Россия/Пермский край";618250;1
Добрянка;"Россия/Пермский край";618740;1
Кизел;"Россия/Пермский край";618350;1
Красновишерск;"Россия/Пермский край";618590;1
Краснокамск;"Россия/Пермский край";617060;1
Кудымкар;"Россия/Пермский край";619000;1
Кунгур;"Россия/Пермский край";617470;1
Лысьва;"Россия/Пермский край";618441;1
Нытва;"Россия/Пермский край";617000;1
Оса;"Россия/Пермский край";612621;1
Оханск;"Россия/Пермский край";618100;1
Очер;"Россия/Пермский край";617140;1
Пермь;"Россия/Пермский край";614000;1
Соликамск;"Россия/Пермский край";618540;1
Усолье;"Россия/Пермский край";446733;1
Чайковский;"Россия/Пермский край";617760;1
Чердынь;"Россия/Пермский край";618601;1
Чермоз;"Россия/Пермский край";617040;1
Чернушка;"Россия/Пермский край";613573;1
Чусовой;"Россия/Пермский край";618200;1
Белинский;"Россия/Пензенская область";442250;1
Городище;"Россия/Пензенская область";142811;1
Заречный;"Россия/Пензенская область";442960;1
Каменка;"Россия/Пензенская область";141894;1
Кузнецк;"Россия/Пензенская область";442530;1
Кузнецк-12;"Россия/Пензенская область";442542;1
Кузнецк-8;"Россия/Пензенская область";442538;1
"Нижний Ломов";"Россия/Пензенская область";442150;1
Пенза;"Россия/Пензенская область";440000;1
Сердобск;"Россия/Пензенская область";442890;1
Спасск;"Россия/Пензенская область";442600;1
Сурск;"Россия/Пензенская область";442300;1
Болхов;"Россия/Орловская область";303140;1
Дмитровск;"Россия/Орловская область";303240;1
Ливны;"Россия/Орловская область";303850;1
Малоархангельск;"Россия/Орловская область";303369;1
Мценск;"Россия/Орловская область";303030;1
Новосиль;"Россия/Орловская область";303500;1
Орел;"Россия/Орловская область";181603;1
Астрахань;"Россия/Астраханская область";414000;1
Ахтубинск;"Россия/Астраханская область";416500;1
Знаменск;"Россия/Астраханская область";238200;1
Камызяк;"Россия/Астраханская область";416340;1
Нариманов;"Россия/Астраханская область";416111;1
Харабали;"Россия/Астраханская область";416009;1
Агидель;Россия/Башкортостан;452920;1
Баймак;Россия/Башкортостан;453630;1
Белебей;Россия/Башкортостан;452000;1
Белорецк;Россия/Башкортостан;453500;1
Бирск;Россия/Башкортостан;452450;1
Давлеканово;Россия/Башкортостан;453400;1
Дюртюли;Россия/Башкортостан;452320;1
Ишимбай;Россия/Башкортостан;453200;1
Кумертау;Россия/Башкортостан;453300;1
Межгорье;Россия/Башкортостан;453570;1
Мелеуз;Россия/Башкортостан;453850;1
Нефтекамск;Россия/Башкортостан;452680;1
Октябрьский;Россия/Башкортостан;140060;1
Салават;Россия/Башкортостан;453250;1
Сибай;Россия/Башкортостан;453830;1
Стерлитамак;Россия/Башкортостан;453100;1
Туймазы;Россия/Башкортостан;452750;1
Уфа;Россия/Башкортостан;450000;1
Учалы;Россия/Башкортостан;453700;1
Янаул;Россия/Башкортостан;452800;1
Алексеевка;"Россия/Белгородская область";181309;1
Белгород;"Россия/Белгородская область";308000;1
Бирюч;"Россия/Белгородская область";309910;1
Валуйки;"Россия/Белгородская область";309990;1
Грайворон;"Россия/Белгородская область";309370;1
Губкин;"Россия/Белгородская область";309180;1
Короча;"Россия/Белгородская область";309210;1
"Новый Оскол";"Россия/Белгородская область";309626;1
"Старый Оскол";"Россия/Белгородская область";309500;1
Строитель;"Россия/Белгородская область";309062;1
Шебекино;"Россия/Белгородская область";309290;1
Барабинск;"Россия/Новосибирская область";630833;1
Бердск;"Россия/Новосибирская область";633000;1
Болотное;"Россия/Новосибирская область";633340;1
Искитим;"Россия/Новосибирская область";633200;1
Карасук;"Россия/Новосибирская область";632860;1
Каргат;"Россия/Новосибирская область";632400;1
Куйбышев;"Россия/Новосибирская область";404146;1
Купино;"Россия/Новосибирская область";309263;1
Новосибирск;"Россия/Новосибирская область";630000;1
Обь;"Россия/Новосибирская область";633100;1
Татарск;"Россия/Новосибирская область";216156;1
Тогучин;"Россия/Новосибирская область";633450;1
Черепаново;"Россия/Новосибирская область";461227;1
Чулым;"Россия/Новосибирская область";632550;1
Чулым-3;"Россия/Новосибирская область";632553;1
Боровичи;"Россия/Новгородская область";174400;1
Валдай;"Россия/Новгородская область";175400;1
"Великий Новгород";"Россия/Новгородская область";173000;1
"Малая Вишера";"Россия/Новгородская область";174260;1
Окуловка;"Россия/Новгородская область";174350;1
Пестово;"Россия/Новгородская область";174510;1
Сольцы;"Россия/Новгородская область";175040;1
"Сольцы 2";"Россия/Новгородская область";175042;1
"Старая Русса";"Россия/Новгородская область";175200;1
Холм;"Россия/Новгородская область";152876;1
Чудово;"Россия/Новгородская область";174210;1
Алапаевск;"Россия/Свердловская область";624600;1
Арамиль;"Россия/Свердловская область";624000;1
Артемовский;"Россия/Свердловская область";623780;1
Асбест;"Россия/Свердловская область";624260;1
Богданович;"Россия/Свердловская область";623530;1
"Верхний Тагил";"Россия/Свердловская область";0;1
"Верхняя Пышма";"Россия/Свердловская область";624090;1
"Верхняя Салда";"Россия/Свердловская область";624760;1
"Верхняя Тура";"Россия/Свердловская область";0;1
Верхотурье;"Россия/Свердловская область";624380;1
Волчанск;"Россия/Свердловская область";0;1
Дегтярск;"Россия/Свердловская область";0;1
Екатеринбург;"Россия/Свердловская область";620000;1
Ивдель;"Россия/Свердловская область";624445;1
Ирбит;"Россия/Свердловская область";623850;1
Каменск-Уральский;"Россия/Свердловская область";623400;1
Камышлов;"Россия/Свердловская область";624860;1
Карпинск;"Россия/Свердловская область";624930;1
Качканар;"Россия/Свердловская область";624350;1
Кировград;"Россия/Свердловская область";624140;1
Краснотурьинск;"Россия/Свердловская область";624440;1
Красноуральск;"Россия/Свердловская область";461348;1
Красноуфимск;"Россия/Свердловская область";623300;1
Кушва;"Россия/Свердловская область";624300;1
Лесной;"Россия/Свердловская область";140451;1
Михайловск;"Россия/Свердловская область";356240;1
Невьянск;"Россия/Свердловская область";624191;1
"Нижние Серги";"Россия/Свердловская область";623090;1
"Нижние Серги-3";"Россия/Свердловская область";623093;1
"Нижний Тагил";"Россия/Свердловская область";622000;1
"Нижняя Салда";"Россия/Свердловская область";624740;1
"Нижняя Тура";"Россия/Свердловская область";624220;1
"Новая Ляля";"Россия/Свердловская область";624400;1
Новоуральск;"Россия/Свердловская область";462232;1
Первоуральск;"Россия/Свердловская область";623100;1
Полевской;"Россия/Свердловская область";623380;1
Ревда;"Россия/Свердловская область";184580;1
Реж;"Россия/Свердловская область";623750;1
Североуральск;"Россия/Свердловская область";624480;1
Серов;"Россия/Свердловская область";624980;1
Среднеуральск;"Россия/Свердловская область";0;1
"Сухой Лог";"Россия/Свердловская область";624800;1
Сысерть;"Россия/Свердловская область";624021;1
Тавда;"Россия/Свердловская область";623950;1
Талица;"Россия/Свердловская область";155456;1
Туринск;"Россия/Свердловская область";623900;1
Исилькуль;"Россия/Омская область";646020;1
Калачинск;"Россия/Омская область";646900;1
Называевск;"Россия/Омская область";646100;1
Омск;"Россия/Омская область";644000;1
Тара;"Россия/Омская область";646530;1
Тюкалинск;"Россия/Омская область";646330;1
Абдулино;"Россия/Оренбургская область";461740;1
Бугуруслан;"Россия/Оренбургская область";461630;1
Бузулук;"Россия/Оренбургская область";461040;1
Гай;"Россия/Оренбургская область";462631;1
Кувандык;"Россия/Оренбургская область";462240;1
Медногорск;"Россия/Оренбургская область";462271;1
Новотроицк;"Россия/Оренбургская область";462351;1
Оренбург;"Россия/Оренбургская область";460000;1
Орск;"Россия/Оренбургская область";462400;1
Соль-Илецк;"Россия/Оренбургская область";461500;1
Сорочинск;"Россия/Оренбургская область";461900;1
Ясный;"Россия/Оренбургская область";164628;1
Алатырь;Россия/Чувашия;429805;1
Канаш;Россия/Чувашия;422584;1
Козловка;Россия/Чувашия;216527;1
"Мариинский Посад";Россия/Чувашия;429570;1
Новочебоксарск;Россия/Чувашия;429950;1
Цивильск;Россия/Чувашия;429900;1
Чебоксары;Россия/Чувашия;428000;1
Шумерля;Россия/Чувашия;429120;1
Ядрин;Россия/Чувашия;429060;1
Ардатов;Россия/Мордовия;431860;1
Инсар;Россия/Мордовия;431430;1
Ковылкино;Россия/Мордовия;431350;1
Рузаевка;Россия/Мордовия;431440;1
Саранск;Россия/Мордовия;430000;1
Темников;Россия/Мордовия;431220;1
Апатиты;"Россия/Мурманская область";184200;1
Гаджиево;"Россия/Мурманская область";184670;1
Заозерск;"Россия/Мурманская область";184310;1
Заполярный;"Россия/Мурманская область";184430;1
Кандалакша;"Россия/Мурманская область";184012;1
Ковдор;"Россия/Мурманская область";184141;1
Кола;"Россия/Мурманская область";184380;1
Мончегорск;"Россия/Мурманская область";184505;1
Мурманск;"Россия/Мурманская область";183000;1
Оленегорск;"Россия/Мурманская область";184530;1
Оленегорск-1;"Россия/Мурманская область";184531;1
Оленегорск-2;"Россия/Мурманская область";184532;1
Островной;"Россия/Мурманская область";184640;1
"Полярные Зори";"Россия/Мурманская область";184230;1
Полярный;"Россия/Мурманская область";184650;1
Североморск;"Россия/Мурманская область";184601;1
Снежногорск;"Россия/Мурманская область";184682;1
Нарьян-Мар;"Россия/Ненецкий АО";166000;1
Арзамас;"Россия/Нижегородская область";607220;1
Балахна;"Россия/Нижегородская область";399221;1
Богородск;"Россия/Нижегородская область";168057;1
Бор;"Россия/Нижегородская область";152281;1
Ветлуга;"Россия/Нижегородская область";606860;1
Володарск;"Россия/Нижегородская область";606070;1
Ворсма;"Россия/Нижегородская область";606120;1
Выкса;"Россия/Нижегородская область";607060;1
Горбатов;"Россия/Нижегородская область";606125;1
Городец;"Россия/Нижегородская область";188286;1
Дзержинск;"Россия/Нижегородская область";606000;1
Заволжье;"Россия/Нижегородская область";150027;1
Княгинино;"Россия/Нижегородская область";242435;1
Кстово;"Россия/Нижегородская область";607650;1
Кулебаки;"Россия/Нижегородская область";607010;1
Лукоянов;"Россия/Нижегородская область";607800;1
Лысково;"Россия/Нижегородская область";457150;1
Навашино;"Россия/Нижегородская область";607100;1
"Нижний Новгород";"Россия/Нижегородская область";603000;1
Павлово;"Россия/Нижегородская область";187323;1
Первомайск;"Россия/Нижегородская область";431530;1
Перевоз;"Россия/Нижегородская область";393525;1
Саров;"Россия/Нижегородская область";607180;1
Семенов;"Россия/Нижегородская область";606650;1
Сергач;"Россия/Нижегородская область";607510;1
Урень;"Россия/Нижегородская область";606800;1
Чкаловск;"Россия/Нижегородская область";606540;1
Шахунья;"Россия/Нижегородская область";606910;1
Азов;"Россия/Ростовская область";346780;1
Аксай;"Россия/Ростовская область";346720;1
Батайск;"Россия/Ростовская область";346880;1
"Белая Калитва";"Россия/Ростовская область";347040;1
Волгодонск;"Россия/Ростовская область";346686;1
Гуково;"Россия/Ростовская область";346399;1
Донецк;"Россия/Ростовская область";346330;1
Зверево;"Россия/Ростовская область";346310;1
Зерноград;"Россия/Ростовская область";347740;1
Каменск-Шахтинский;"Россия/Ростовская область";347800;1
Константиновск;"Россия/Ростовская область";347250;1
"Красный Сулин";"Россия/Ростовская область";346350;1
Миллерово;"Россия/Ростовская область";346130;1
Морозовск;"Россия/Ростовская область";347210;1
Новочеркасск;"Россия/Ростовская область";346400;1
Новошахтинск;"Россия/Ростовская область";346900;1
Пролетарск;"Россия/Ростовская область";347540;1
Ростов-на-Дону;"Россия/Ростовская область";344000;1
Сальск;"Россия/Ростовская область";347630;1
Семикаракорск;"Россия/Ростовская область";346630;1
Таганрог;"Россия/Ростовская область";347900;1
Цимлянск;"Россия/Ростовская область";347320;1
Шахты;"Россия/Ростовская область";346500;1
Гаврилов-Ям;"Россия/Ярославская область";0;1
Данилов;"Россия/Ярославская область";152070;1
Любим;"Россия/Ярославская область";152470;1
Мышкин;"Россия/Ярославская область";152830;1
Переславль-Залесский;"Россия/Ярославская область";152020;1
Пошехонье;"Россия/Ярославская область";152850;1
Ростов;"Россия/Ярославская область";152150;1
Рыбинск;"Россия/Ярославская область";152900;1
Тутаев;"Россия/Ярославская область";152300;1
Углич;"Россия/Ярославская область";152610;1
Ярославль;"Россия/Ярославская область";150000;1
Алупка;Россия/Крым;0;1
Алушта;Россия/Крым;298500;1
Армянск;Россия/Крым;296012;1
Бахчисарай;Россия/Крым;298400;1
Джанкой;Россия/Крым;296100;1
Евпатория;Россия/Крым;297402;1
Керчь;Россия/Крым;298233;1
Красноперекопск;Россия/Крым;296000;1
Саки;Россия/Крым;296500;1
Симферополь;Россия/Крым;295000;1
"Старый Крым";Россия/Крым;297345;1
Судак;Россия/Крым;298000;1
Феодосия;Россия/Крым;297183;1
Щелкино;Россия/Крым;298213;1
Ялта;Россия/Крым;298600;1
Зеленоград;Россия/Москва;0;1
Московский;Россия/Москва;142784;1
Троицк;Россия/Москва;142190;1
Щербинка;Россия/Москва;142170;1
Колпино;Россия/Санкт-Петербург;196650;1
"Красное Село";Россия/Санкт-Петербург;0;1
Кронштадт;Россия/Санкт-Петербург;197760;1
Ломоносов;Россия/Санкт-Петербург;198411;1
Петергоф;Россия/Санкт-Петербург;0;1
Пушкин;Россия/Санкт-Петербург;196601;1
Сестрорецк;Россия/Санкт-Петербург;197701;1
